Date (MM/DD/YYYY),Time (HH:mm:ss),Time (Fract. Sec),Site Name,Cond µS/cm,Depth m,nLF Cond µS/cm,ODO % sat,ODO % CB,ODO mg/L,Pressure psi a,Sal psu,SpCond µS/cm,TDS mg/L,Turbidity FNU,TSS mg/L,pH,pH mV,Temp °C,Vertical Position m,GPS Latitude °,GPS Longitude °,Altitude m,Battery V,Cable Pwr V,Barometer mmHg
7/16/2022,14:05:41,0.0,<None>,60362.5,0.286,56573.5,85.2,84.8,5.39,0.347,37.81,56943.8,37013,6.14,0,8.40,-197.2,28.143,0.290,34.20412,-77.79978,-14.4,5.11,12.1,765.3
7/16/2022,14:05:42,0.0,<None>,60358.0,0.286,56572.3,85.2,84.8,5.39,0.347,37.81,56942.2,37012,6.16,0,8.40,-197.2,28.141,0.303,34.20411,-77.79977,-11.3,5.11,12.1,765.2
7/16/2022,14:05:43,0.0,<None>,60353.6,0.287,56571.3,85.1,84.7,5.39,0.348,37.81,56940.9,37012,6.16,0,8.40,-197.2,28.138,0.286,34.20411,-77.79974,-8.0,5.11,12.1,765.3
7/16/2022,14:05:44,0.0,<None>,60349.2,0.287,56571.1,85.1,84.7,5.38,0.347,37.81,56940.2,37011,6.17,0,8.40,-197.2,28.135,0.288,34.20412,-77.79974,-10.9,5.11,12.1,765.2
7/16/2022,14:05:45,0.0,<None>,60345.0,0.287,56570.5,85.0,84.6,5.38,0.349,37.81,56939.3,37011,6.18,0,8.40,-197.2,28.131,0.311,34.20414,-77.79976,-12.7,5.11,12.1,765.4
7/16/2022,14:05:46,0.0,<None>,60341.1,0.288,56570.3,85.0,84.6,5.38,0.349,37.81,56938.7,37010,6.17,0,8.40,-197.1,28.128,0.294,34.20415,-77.79975,-12.9,5.11,12.1,765.4
7/16/2022,14:05:47,0.0,<None>,60336.7,0.288,56569.4,84.9,84.5,5.37,0.350,37.80,56937.4,37009,6.20,0,8.40,-197.1,28.126,0.310,34.20415,-77.79974,-11.8,5.11,12.1,765.3
7/16/2022,14:05:48,0.0,<None>,60333.7,0.288,56569.8,84.8,84.5,5.37,0.349,37.81,56937.5,37009,6.22,0,8.40,-197.1,28.123,0.291,34.20415,-77.79973,-11.8,5.11,12.1,765.2
7/16/2022,14:05:49,0.0,<None>,60332.3,0.289,56570.6,84.8,84.4,5.37,0.351,37.81,56938.1,37010,6.27,0,8.40,-197.1,28.121,0.300,34.20417,-77.79973,-11.2,5.11,12.1,765.4
7/16/2022,14:05:50,0.0,<None>,60331.2,0.290,56572.0,84.7,84.3,5.36,0.353,37.81,56939.2,37010,6.33,0,8.40,-197.1,28.119,0.318,34.20418,-77.79973,-11.6,5.11,12.1,765.3
7/16/2022,14:05:51,0.0,<None>,60331.6,0.290,56573.7,84.7,84.3,5.36,0.352,37.81,56940.7,37011,6.35,0,8.40,-197.1,28.118,0.311,34.20419,-77.79973,-11.6,5.11,12.1,765.2
7/16/2022,14:05:52,0.0,<None>,60330.7,0.291,56574.1,84.6,84.3,5.36,0.353,37.81,56941.1,37012,6.41,0,8.40,-197.1,28.117,0.266,34.20420,-77.79973,-11.8,5.11,12.1,765.3
7/16/2022,14:05:53,0.0,<None>,60329.5,0.291,56574.9,84.6,84.2,5.36,0.354,37.81,56941.6,37012,6.50,0,8.40,-197.1,28.115,0.318,34.20421,-77.79973,-10.6,5.11,12.1,765.4
7/16/2022,14:05:54,0.0,<None>,60328.3,0.292,56574.6,84.6,84.2,5.35,0.355,37.81,56941.2,37012,6.52,0,8.40,-197.1,28.114,0.317,34.20422,-77.79972,-10.6,5.11,12.1,765.4
7/16/2022,14:05:55,0.0,<None>,60323.6,0.291,56571.6,84.6,84.2,5.35,0.354,37.81,56938.0,37010,6.59,0,8.40,-197.0,28.113,0.245,34.20422,-77.79972,-9.7,5.11,12.1,765.4
7/16/2022,14:05:56,0.0,<None>,60313.6,0.292,56563.6,84.5,84.1,5.35,0.355,37.80,56929.8,37004,6.62,0,8.40,-197.0,28.112,0.323,34.20424,-77.79972,-10.0,5.11,12.1,765.4
7/16/2022,14:05:57,0.0,<None>,60306.8,0.291,56558.3,84.5,84.1,5.35,0.354,37.80,56924.4,37001,6.66,0,8.40,-196.9,28.111,0.262,34.20424,-77.79973,-10.0,5.11,12.1,765.3
7/16/2022,14:05:58,0.0,<None>,60297.6,0.293,56551.1,84.4,84.0,5.34,0.357,37.79,56917.0,36996,6.69,0,8.40,-196.9,28.110,0.322,34.20425,-77.79974,-10.7,5.11,12.1,765.3
7/16/2022,14:05:59,0.0,<None>,60286.4,0.293,56541.7,84.3,83.9,5.34,0.357,37.78,56907.4,36990,6.75,0,8.40,-196.8,28.109,0.318,34.20425,-77.79974,-9.7,5.11,12.1,765.3
7/16/2022,14:06:00,0.0,<None>,60278.4,0.294,56535.0,84.3,83.9,5.34,0.358,37.78,56900.6,36985,6.80,0,8.40,-196.8,28.108,0.309,34.20426,-77.79974,-9.7,5.11,12.1,765.3
7/16/2022,14:06:01,0.0,<None>,60252.7,0.294,56511.6,84.2,83.8,5.33,0.358,37.76,56876.9,36970,6.83,0,8.39,-196.7,28.107,0.287,34.20426,-77.79974,-8.0,5.11,12.1,765.3
7/16/2022,14:06:02,0.0,<None>,60228.3,0.296,56489.7,84.1,83.7,5.33,0.361,37.74,56854.8,36956,6.84,0,8.39,-196.7,28.106,0.324,34.20425,-77.79973,-6.1,5.11,12.1,765.3
7/16/2022,14:06:03,0.0,<None>,60213.3,0.296,56476.7,84.0,83.7,5.32,0.361,37.73,56841.6,36947,6.85,0,8.39,-196.6,28.105,0.299,34.20426,-77.79973,-5.2,5.11,12.1,765.4
7/16/2022,14:06:04,0.0,<None>,60199.8,0.296,56465.9,83.9,83.5,5.32,0.362,37.73,56830.5,36940,6.85,0,8.39,-196.6,28.104,0.318,34.20426,-77.79973,-4.0,5.11,12.1,765.2
7/16/2022,14:06:05,0.0,<None>,60182.6,0.297,56451.9,83.8,83.4,5.31,0.362,37.71,56816.3,36931,6.87,0,8.39,-196.5,28.102,0.299,34.20427,-77.79974,-3.2,5.11,12.1,765.3
7/16/2022,14:06:06,0.0,<None>,60171.9,0.298,56443.0,83.7,83.3,5.30,0.364,37.71,56807.1,36925,6.89,0,8.39,-196.5,28.101,0.330,34.20427,-77.79974,-3.2,5.11,12.1,765.3
7/16/2022,14:06:07,0.0,<None>,60162.3,0.300,56435.7,83.6,83.2,5.30,0.367,37.70,56799.7,36920,6.88,0,8.39,-196.4,28.099,0.339,34.20428,-77.79975,-2.9,5.11,12.1,765.3
7/16/2022,14:06:08,0.0,<None>,60156.6,0.301,56432.7,83.5,83.1,5.29,0.369,37.70,56796.3,36918,6.88,0,8.39,-196.4,28.098,0.340,34.20428,-77.79976,-2.9,5.11,12.1,765.3
7/16/2022,14:06:09,0.0,<None>,60155.6,0.302,56432.4,83.4,83.0,5.28,0.370,37.70,56796.0,36917,6.91,0,8.39,-196.3,28.097,0.320,34.20429,-77.79976,-2.9,5.11,12.1,765.3
7/16/2022,14:06:10,0.0,<None>,60152.7,0.304,56429.9,83.3,82.9,5.28,0.373,37.70,56793.5,36916,6.91,0,8.38,-196.3,28.097,0.325,34.20429,-77.79977,-1.9,5.11,12.1,765.3
7/16/2022,14:06:11,0.0,<None>,60148.6,0.305,56425.8,83.2,82.9,5.27,0.374,37.69,56789.3,36913,6.93,0,8.38,-196.2,28.097,0.347,34.20430,-77.79977,-2.8,5.11,12.1,765.3
7/16/2022,14:06:12,0.0,<None>,60146.2,0.307,56423.7,83.2,82.8,5.27,0.377,37.69,56787.2,36912,6.95,0,8.38,-196.1,28.097,0.341,34.20431,-77.79977,-2.8,5.11,12.1,765.3
7/16/2022,14:06:13,0.0,<None>,60152.5,0.307,56430.3,83.1,82.8,5.27,0.378,37.70,56793.8,36916,6.98,0,8.38,-196.1,28.096,0.339,34.20432,-77.79977,-2.0,5.11,12.1,765.4
7/16/2022,14:06:14,0.0,<None>,60160.5,0.309,56438.8,83.1,82.7,5.26,0.380,37.70,56802.2,36921,7.03,0,8.38,-196.0,28.095,0.331,34.20433,-77.79978,-2.6,5.11,12.1,765.3
7/16/2022,14:06:15,0.0,<None>,60161.8,0.310,56441.2,83.0,82.6,5.26,0.381,37.71,56804.5,36923,7.08,0,8.38,-196.0,28.094,0.344,34.20434,-77.79979,-2.6,5.11,12.1,765.4
7/16/2022,14:06:16,0.0,<None>,60169.6,0.311,56450.1,83.0,82.6,5.26,0.383,37.71,56813.3,36929,7.15,0,8.38,-195.9,28.093,0.339,34.20434,-77.79979,-2.4,5.11,12.1,765.4
7/16/2022,14:06:17,0.0,<None>,60168.0,0.312,56450.1,82.9,82.5,5.25,0.384,37.71,56813.2,36929,7.20,0,8.38,-195.9,28.092,0.323,34.20435,-77.79980,-2.1,5.11,12.1,765.4
7/16/2022,14:06:18,0.0,<None>,60167.7,0.313,56450.5,82.9,82.5,5.25,0.386,37.71,56813.5,36929,7.25,0,8.37,-195.8,28.091,0.340,34.20435,-77.79980,-1.8,5.11,12.1,765.3
7/16/2022,14:06:19,0.0,<None>,60168.5,0.314,56452.3,82.8,82.4,5.25,0.387,37.71,56815.1,36930,7.29,0,8.37,-195.8,28.090,0.328,34.20435,-77.79980,-1.9,5.11,12.1,765.3
7/16/2022,14:06:20,0.0,<None>,60166.1,0.315,56451.0,82.8,82.4,5.25,0.389,37.71,56813.7,36929,7.35,0,8.37,-195.8,28.089,0.332,34.20436,-77.79980,-1.6,5.11,12.1,765.3
7/16/2022,14:06:21,0.0,<None>,60164.3,0.315,56450.1,82.7,82.4,5.24,0.389,37.71,56812.7,36928,7.37,0,8.37,-195.8,28.089,0.305,34.20436,-77.79981,-1.6,5.11,12.1,765.2
7/16/2022,14:06:22,0.0,<None>,60161.6,0.316,56448.3,82.7,82.3,5.24,0.390,37.71,56810.9,36927,7.39,0,8.37,-195.8,28.088,0.323,34.20437,-77.79981,-1.8,5.11,12.1,765.3
7/16/2022,14:06:23,0.0,<None>,60159.3,0.315,56447.8,82.6,82.3,5.24,0.389,37.71,56810.1,36927,7.41,0,8.37,-195.8,28.087,0.279,34.20438,-77.79981,-1.8,5.11,12.1,765.3
7/16/2022,14:06:24,0.0,<None>,60158.7,0.316,56448.1,82.6,82.2,5.23,0.390,37.71,56810.4,36927,7.42,0,8.37,-195.7,28.086,0.327,34.20438,-77.79980,-1.9,5.11,12.1,765.3
7/16/2022,14:06:25,0.0,<None>,60157.9,0.315,56448.7,82.5,82.2,5.23,0.389,37.71,56810.9,36927,7.47,0,8.37,-195.7,28.084,0.266,34.20438,-77.79980,-1.7,5.11,12.1,765.3
7/16/2022,14:06:26,0.0,<None>,60157.1,0.315,56448.7,82.5,82.1,5.23,0.389,37.71,56810.7,36927,7.47,0,8.37,-195.7,28.084,0.301,34.20438,-77.79980,-1.6,5.11,12.1,765.4
7/16/2022,14:06:27,0.0,<None>,60156.7,0.315,56448.4,82.5,82.1,5.23,0.388,37.71,56810.5,36927,7.49,0,8.37,-195.7,28.084,0.270,34.20438,-77.79980,-1.7,5.11,12.1,765.4
7/16/2022,14:06:28,0.0,<None>,60156.6,0.313,56447.8,82.4,82.1,5.22,0.386,37.71,56809.9,36926,7.50,0,8.37,-195.7,28.084,0.266,34.20437,-77.79979,-1.9,5.11,12.1,765.4
7/16/2022,14:06:29,0.0,<None>,60157.3,0.314,56447.9,82.4,82.1,5.22,0.386,37.71,56810.0,36927,7.46,0,8.37,-195.7,28.085,0.287,34.20437,-77.79978,-1.9,5.11,12.1,765.4
7/16/2022,14:06:30,0.0,<None>,60156.7,0.312,56447.2,82.4,82.0,5.22,0.384,37.71,56809.4,36926,7.45,0,8.37,-195.6,28.085,0.253,34.20436,-77.79978,-1.9,5.11,12.1,765.4
7/16/2022,14:06:31,0.0,<None>,60155.1,0.311,56446.1,82.4,82.0,5.22,0.383,37.71,56808.3,36925,7.41,0,8.37,-195.6,28.084,0.269,34.20435,-77.79977,-2.1,5.11,12.1,765.3
7/16/2022,14:06:32,0.0,<None>,60155.5,0.311,56446.8,82.4,82.0,5.22,0.382,37.71,56808.9,36926,7.40,0,8.37,-195.6,28.084,0.259,34.20433,-77.79977,-2.1,5.11,12.1,765.3
7/16/2022,14:06:33,0.0,<None>,60156.2,0.309,56446.8,82.4,82.0,5.22,0.381,37.71,56809.0,36926,7.38,0,8.37,-195.6,28.085,0.260,34.20432,-77.79977,-2.1,5.11,12.1,765.2
7/16/2022,14:06:34,0.0,<None>,60156.7,0.308,56446.1,82.4,82.0,5.22,0.378,37.71,56808.4,36925,7.39,0,8.37,-195.6,28.086,0.245,34.20431,-77.79977,-2.1,5.11,12.1,765.3
7/16/2022,14:06:35,0.0,<None>,60157.7,0.308,56446.1,82.4,82.1,5.22,0.378,37.71,56808.5,36926,7.40,0,8.37,-195.6,28.087,0.274,34.20429,-77.79977,-1.9,5.11,12.1,765.2
7/16/2022,14:06:36,0.0,<None>,60160.5,0.305,56447.4,82.5,82.1,5.23,0.374,37.71,56809.9,36926,7.42,0,8.37,-195.6,28.088,0.240,34.20427,-77.79976,-1.9,5.11,12.1,765.3
7/16/2022,14:06:37,0.0,<None>,60161.9,0.304,56447.9,82.5,82.1,5.23,0.372,37.71,56810.6,36927,7.45,0,8.37,-195.6,28.089,0.237,34.20425,-77.79976,-1.7,5.11,12.1,765.3
7/16/2022,14:06:38,0.0,<None>,60163.6,0.302,56448.9,82.5,82.2,5.23,0.370,37.71,56811.6,36928,7.51,0,8.37,-195.6,28.089,0.249,34.20424,-77.79976,-1.5,5.11,12.1,765.2
7/16/2022,14:06:39,0.0,<None>,60165.5,0.301,56450.3,82.5,82.2,5.23,0.368,37.71,56813.1,36928,7.55,0,8.37,-195.6,28.089,0.247,34.20422,-77.79977,-1.5,5.11,12.1,765.3
7/16/2022,14:06:40,0.0,<None>,60168.1,0.298,56452.8,82.6,82.2,5.23,0.365,37.71,56815.5,36930,7.56,0,8.37,-195.6,28.089,0.251,34.20420,-77.79977,-1.8,5.11,12.1,765.4
7/16/2022,14:06:41,0.0,<None>,60170.2,0.297,56454.7,82.6,82.2,5.23,0.362,37.72,56817.5,36931,7.64,0,8.37,-195.6,28.089,0.231,34.20418,-77.79977,-1.8,5.11,12.1,765.3
7/16/2022,14:06:42,0.0,<None>,60172.1,0.295,56456.2,82.6,82.2,5.23,0.359,37.72,56819.0,36932,7.61,0,8.37,-195.6,28.090,0.246,34.20416,-77.79978,-1.8,5.11,12.1,765.4
7/16/2022,14:06:43,0.0,<None>,60175.0,0.293,56458.0,82.6,82.2,5.23,0.357,37.72,56820.9,36934,7.61,0,8.37,-195.6,28.091,0.238,34.20414,-77.79979,-1.7,5.11,12.1,765.4
7/16/2022,14:06:44,0.0,<None>,60178.3,0.291,56460.5,82.6,82.3,5.24,0.353,37.72,56823.5,36935,7.69,0,8.37,-195.6,28.091,0.241,34.20412,-77.79980,-1.6,5.11,12.1,765.4
7/16/2022,14:06:45,0.0,<None>,60179.7,0.288,56461.5,82.7,82.3,5.24,0.350,37.72,56824.6,36936,7.74,0,8.37,-195.6,28.091,0.236,34.20410,-77.79982,-1.6,5.11,12.1,765.3
7/16/2022,14:06:46,0.0,<None>,60181.1,0.286,56463.1,82.7,82.3,5.24,0.346,37.72,56826.1,36937,7.83,0,8.37,-195.6,28.091,0.228,34.20409,-77.79984,-1.5,5.11,12.1,765.4
7/16/2022,14:06:47,0.0,<None>,60182.5,0.283,56464.5,82.7,82.3,5.24,0.342,37.72,56827.5,36938,7.96,0,8.37,-195.6,28.091,0.232,34.20407,-77.79986,-1.6,5.11,12.1,765.4
7/16/2022,14:06:48,0.0,<None>,60183.1,0.279,56464.9,82.7,82.4,5.24,0.337,37.72,56827.9,36938,8.09,0,8.37,-195.6,28.091,0.225,34.20406,-77.79987,-1.6,5.11,12.1,765.4
7/16/2022,14:06:49,0.0,<None>,60182.2,0.277,56464.7,82.7,82.4,5.24,0.334,37.72,56827.7,36938,8.22,0,8.37,-195.7,28.091,0.235,34.20404,-77.79990,-1.5,5.11,12.1,765.4
7/16/2022,14:06:50,0.0,<None>,60182.8,0.274,56465.2,82.7,82.4,5.24,0.329,37.72,56828.2,36938,8.34,0,8.37,-195.7,28.091,0.214,34.20403,-77.79992,-1.6,5.11,12.1,765.4
7/16/2022,14:06:51,0.0,<None>,60183.8,0.270,56465.8,82.8,82.4,5.24,0.323,37.72,56828.8,36939,8.49,0,8.37,-195.7,28.091,0.200,34.20402,-77.79994,-1.6,5.11,12.1,765.3
7/16/2022,14:06:52,0.0,<None>,60184.3,0.266,56466.1,82.8,82.4,5.25,0.317,37.72,56829.2,36939,8.53,0,8.37,-195.7,28.091,0.192,34.20401,-77.79996,-1.4,5.11,12.1,765.2
7/16/2022,14:06:53,0.0,<None>,60184.3,0.263,56465.9,82.8,82.5,5.25,0.313,37.72,56829.0,36939,8.62,0,8.37,-195.7,28.091,0.204,34.20399,-77.79998,-1.3,5.11,12.1,765.3
7/16/2022,14:06:54,0.0,<None>,60184.4,0.260,56466.0,82.9,82.5,5.25,0.308,37.72,56829.1,36939,8.71,0,8.37,-195.7,28.091,0.214,34.20398,-77.80000,-1.3,5.11,12.1,765.4
7/16/2022,14:06:55,0.0,<None>,60184.2,0.256,56466.3,82.9,82.5,5.25,0.303,37.72,56829.3,36939,8.74,0,8.37,-195.7,28.091,0.205,34.20396,-77.80003,-1.2,5.11,12.1,765.3
7/16/2022,14:06:56,0.0,<None>,60183.9,0.253,56466.1,82.9,82.5,5.25,0.298,37.72,56829.1,36939,8.82,0,8.37,-195.7,28.091,0.197,34.20395,-77.80005,-1.3,5.11,12.1,765.3
7/16/2022,14:06:57,0.0,<None>,60183.0,0.250,56465.1,82.9,82.5,5.25,0.294,37.72,56828.2,36938,8.90,0,8.37,-195.8,28.091,0.207,34.20393,-77.80007,-1.3,5.11,12.1,765.3
7/16/2022,14:06:58,0.0,<None>,60182.7,0.246,56463.8,82.9,82.5,5.25,0.288,37.72,56827.0,36938,8.94,0,8.37,-195.8,28.092,0.199,34.20391,-77.80009,-1.2,5.11,12.1,765.3
7/16/2022,14:06:59,0.0,<None>,60182.6,0.243,56462.5,82.8,82.5,5.25,0.285,37.72,56825.8,36937,8.94,0,8.37,-195.8,28.093,0.213,34.20390,-77.80011,-0.8,5.11,12.1,765.4
7/16/2022,14:07:00,0.0,<None>,60182.6,0.240,56460.9,82.8,82.4,5.25,0.280,37.72,56824.3,36936,8.93,0,8.37,-195.8,28.094,0.209,34.20388,-77.80013,-0.8,5.11,12.1,765.4
7/16/2022,14:07:01,0.0,<None>,60182.6,0.238,56459.6,82.8,82.4,5.24,0.277,37.72,56823.2,36935,8.85,0,8.37,-195.8,28.096,0.196,34.20387,-77.80016,-0.5,5.11,12.1,765.5
7/16/2022,14:07:02,0.0,<None>,60183.8,0.235,56459.0,82.8,82.4,5.24,0.272,37.72,56822.7,36935,8.76,0,8.37,-195.8,28.097,0.184,34.20385,-77.80018,-0.4,5.11,12.1,765.4
7/16/2022,14:07:03,0.0,<None>,60184.6,0.233,56458.1,82.7,82.4,5.24,0.269,37.72,56822.0,36934,8.63,0,8.37,-195.8,28.099,0.189,34.20383,-77.80020,-0.4,5.11,12.1,765.3
7/16/2022,14:07:04,0.0,<None>,60185.4,0.230,56457.4,82.7,82.4,5.24,0.265,37.72,56821.5,36934,8.53,0,8.37,-195.8,28.100,0.197,34.20382,-77.80022,-0.5,5.11,12.1,765.3
7/16/2022,14:07:05,0.0,<None>,60185.3,0.228,56456.6,82.7,82.3,5.24,0.261,37.72,56820.7,36933,8.43,0,8.37,-195.7,28.100,0.193,34.20380,-77.80025,-0.3,5.11,12.1,765.3
7/16/2022,14:07:06,0.0,<None>,60185.8,0.226,56456.5,82.7,82.3,5.24,0.259,37.72,56820.7,36933,8.32,0,8.37,-195.7,28.101,0.183,34.20378,-77.80028,-0.3,5.11,12.1,765.4
7/16/2022,14:07:07,0.0,<None>,60185.2,0.223,56455.0,82.7,82.3,5.24,0.255,37.72,56819.3,36933,8.22,0,8.37,-195.7,28.102,0.187,34.20377,-77.80030,-0.3,5.11,12.1,765.4
7/16/2022,14:07:08,0.0,<None>,60184.8,0.221,56453.2,82.7,82.3,5.24,0.252,37.72,56817.6,36931,8.12,0,8.37,-195.7,28.103,0.195,34.20375,-77.80033,-0.4,5.11,12.1,765.4
7/16/2022,14:07:09,0.0,<None>,60184.2,0.220,56452.0,82.7,82.3,5.24,0.250,37.71,56816.4,36931,8.07,0,8.37,-195.7,28.103,0.194,34.20374,-77.80035,-0.4,5.11,12.1,765.5
7/16/2022,14:07:10,0.0,<None>,60183.6,0.217,56451.0,82.7,82.3,5.24,0.246,37.71,56815.5,36930,7.99,0,8.37,-195.7,28.104,0.185,34.20372,-77.80038,-0.1,5.11,12.1,765.3
7/16/2022,14:07:11,0.0,<None>,60183.0,0.216,56450.7,82.7,82.3,5.24,0.244,37.71,56815.2,36930,7.94,0,8.37,-195.6,28.103,0.183,34.20371,-77.80041,-0.4,5.11,12.1,765.3
7/16/2022,14:07:12,0.0,<None>,60180.4,0.214,56450.1,82.7,82.3,5.24,0.241,37.71,56814.3,36929,7.92,0,8.37,-195.6,28.102,0.187,34.20369,-77.80043,-0.4,5.11,12.1,765.4
7/16/2022,14:07:13,0.0,<None>,60176.5,0.212,56449.6,82.7,82.3,5.24,0.238,37.71,56813.5,36929,7.90,0,8.37,-195.6,28.099,0.175,34.20368,-77.80045,-0.4,5.11,12.1,765.4
7/16/2022,14:07:14,0.0,<None>,60172.5,0.209,56449.3,82.7,82.3,5.24,0.235,37.71,56812.9,36928,7.89,0,8.37,-195.6,28.096,0.176,34.20366,-77.80048,-0.3,5.11,12.1,765.5
7/16/2022,14:07:15,0.0,<None>,60166.9,0.209,56448.3,82.6,82.3,5.24,0.234,37.71,56811.4,36927,7.88,0,8.37,-195.6,28.092,0.186,34.20365,-77.80050,-0.3,5.11,12.1,765.3
7/16/2022,14:07:16,0.0,<None>,60161.1,0.206,56446.3,82.6,82.2,5.23,0.230,37.71,56809.0,36926,7.86,0,8.37,-195.5,28.089,0.184,34.20363,-77.80052,0.0,5.11,12.1,765.3
7/16/2022,14:07:17,0.0,<None>,60155.1,0.205,56444.0,82.6,82.2,5.23,0.228,37.71,56806.4,36924,7.87,0,8.37,-195.5,28.086,0.193,34.20362,-77.80054,0.0,5.11,12.1,765.3
7/16/2022,14:07:18,0.0,<None>,60150.0,0.203,56441.3,82.6,82.2,5.23,0.225,37.71,56803.4,36922,7.87,0,8.37,-195.5,28.084,0.179,34.20360,-77.80057,0.0,5.11,12.1,765.3
7/16/2022,14:07:19,0.0,<None>,60144.1,0.202,56437.6,82.5,82.2,5.23,0.224,37.70,56799.5,36920,7.86,0,8.37,-195.5,28.083,0.179,34.20358,-77.80059,0.4,5.11,12.1,765.4
7/16/2022,14:07:20,0.0,<None>,60138.3,0.200,56434.5,82.5,82.1,5.23,0.221,37.70,56796.1,36917,7.87,0,8.37,-195.5,28.081,0.189,34.20357,-77.80061,0.3,5.11,12.1,765.4
7/16/2022,14:07:21,0.0,<None>,60131.1,0.199,56431.1,82.5,82.1,5.23,0.220,37.70,56792.3,36915,7.89,0,8.37,-195.4,28.078,0.198,34.20355,-77.80063,0.3,5.11,12.1,765.4
7/16/2022,14:07:22,0.0,<None>,60124.6,0.198,56428.2,82.4,82.0,5.22,0.219,37.70,56789.1,36913,7.89,0,8.37,-195.4,28.075,0.212,34.20353,-77.80066,0.3,5.11,12.1,765.4
7/16/2022,14:07:23,0.0,<None>,60116.7,0.198,56423.4,82.4,82.0,5.22,0.218,37.69,56784.0,36910,7.89,0,8.36,-195.4,28.073,0.219,34.20351,-77.80068,0.3,5.11,12.1,765.3
7/16/2022,14:07:24,0.0,<None>,60111.2,0.197,56419.5,82.3,82.0,5.22,0.217,37.69,56779.8,36907,7.88,0,8.36,-195.3,28.072,0.211,34.20350,-77.80070,0.3,5.11,12.1,765.5
7/16/2022,14:07:25,0.0,<None>,60106.9,0.197,56415.0,82.3,81.9,5.22,0.217,37.69,56775.4,36904,7.88,0,8.36,-195.3,28.072,0.203,34.20348,-77.80073,0.3,5.11,12.1,765.4
7/16/2022,14:07:26,0.0,<None>,60103.7,0.196,56410.8,82.3,81.9,5.22,0.215,37.68,56771.3,36901,7.80,0,8.36,-195.3,28.073,0.186,34.20347,-77.80076,0.3,5.11,12.1,765.4
7/16/2022,14:07:27,0.0,<None>,60100.6,0.195,56406.0,82.3,81.9,5.22,0.214,37.68,56766.7,36898,7.73,0,8.36,-195.2,28.075,0.199,34.20345,-77.80078,0.3,5.11,12.1,765.4
7/16/2022,14:07:28,0.0,<None>,60098.3,0.194,56401.5,82.3,81.9,5.22,0.212,37.68,56762.4,36896,7.66,0,8.36,-195.2,28.077,0.177,34.20343,-77.80080,0.2,5.11,12.1,765.5
7/16/2022,14:07:29,0.0,<None>,60096.8,0.193,56397.8,82.4,82.0,5.22,0.211,37.67,56758.9,36893,7.59,0,8.36,-195.2,28.079,0.191,34.20342,-77.80083,0.3,5.11,12.1,765.5
7/16/2022,14:07:30,0.0,<None>,60094.7,0.193,56393.6,82.4,82.0,5.22,0.210,37.67,56754.9,36891,7.54,0,8.36,-195.1,28.081,0.178,34.20340,-77.80085,0.3,5.11,12.1,765.4
7/16/2022,14:07:31,0.0,<None>,60093.1,0.192,56390.6,82.4,82.0,5.22,0.210,37.67,56752.1,36889,7.51,0,8.36,-195.1,28.082,0.177,34.20338,-77.80087,0.5,5.11,12.1,765.4
7/16/2022,14:07:32,0.0,<None>,60091.6,0.191,56387.6,82.4,82.1,5.23,0.208,37.67,56749.2,36887,7.47,0,8.36,-195.1,28.084,0.173,34.20337,-77.80090,0.8,5.11,12.1,765.4
7/16/2022,14:07:33,0.0,<None>,60091.0,0.190,56386.1,82.4,82.1,5.23,0.207,37.66,56747.8,36886,7.47,0,8.36,-195.1,28.084,0.168,34.20335,-77.80093,0.8,5.11,12.1,765.4
7/16/2022,14:07:34,0.0,<None>,60091.3,0.189,56386.0,82.5,82.1,5.23,0.206,37.66,56747.8,36886,7.45,0,8.36,-195.0,28.085,0.180,34.20333,-77.80095,1.2,5.11,12.1,765.4
7/16/2022,14:07:35,0.0,<None>,60091.2,0.188,56385.8,82.5,82.1,5.23,0.204,37.66,56747.6,36886,7.42,0,8.36,-195.0,28.085,0.169,34.20331,-77.80097,1.2,5.11,12.1,765.3
7/16/2022,14:07:36,0.0,<None>,60090.8,0.188,56385.6,82.4,82.1,5.23,0.203,37.66,56747.3,36886,7.40,0,8.36,-195.0,28.085,0.169,34.20329,-77.80099,1.2,5.11,12.1,765.5
7/16/2022,14:07:37,0.0,<None>,60091.0,0.186,56385.1,82.4,82.0,5.22,0.202,37.66,56746.9,36885,7.38,0,8.36,-195.0,28.085,0.162,34.20328,-77.80103,1.1,5.11,12.1,765.4
7/16/2022,14:07:38,0.0,<None>,60090.7,0.185,56383.9,82.4,82.0,5.22,0.200,37.66,56745.8,36885,7.34,0,8.36,-195.0,28.086,0.168,34.20326,-77.80105,1.0,5.11,12.1,765.5
7/16/2022,14:07:39,0.0,<None>,60090.7,0.185,56383.4,82.4,82.0,5.22,0.199,37.66,56745.3,36884,7.33,0,8.36,-195.0,28.087,0.169,34.20324,-77.80107,1.0,5.11,12.1,765.5
7/16/2022,14:07:40,0.0,<None>,60091.2,0.184,56383.0,82.4,82.0,5.22,0.198,37.66,56745.0,36884,7.29,0,8.36,-194.9,28.087,0.164,34.20322,-77.80109,0.9,5.11,12.1,765.4
7/16/2022,14:07:41,0.0,<None>,60092.2,0.183,56382.8,82.4,82.0,5.22,0.197,37.66,56745.0,36884,7.27,0,8.35,-194.9,28.088,0.167,34.20320,-77.80112,0.8,5.11,12.1,765.3
7/16/2022,14:07:42,0.0,<None>,60092.9,0.183,56382.6,82.4,82.0,5.22,0.197,37.66,56744.8,36884,7.27,0,8.35,-194.9,28.089,0.170,34.20318,-77.80115,0.8,5.11,12.1,765.4
7/16/2022,14:07:43,0.0,<None>,60093.8,0.182,56382.6,82.4,82.0,5.22,0.195,37.66,56745.0,36884,7.27,0,8.35,-194.9,28.090,0.166,34.20316,-77.80117,0.7,5.11,12.1,765.4
7/16/2022,14:07:44,0.0,<None>,60093.2,0.181,56381.3,82.4,82.0,5.22,0.194,37.66,56743.8,36883,7.31,0,8.35,-194.9,28.091,0.154,34.20314,-77.80120,0.4,5.11,12.1,765.4
7/16/2022,14:07:45,0.0,<None>,60092.4,0.181,56380.5,82.4,82.0,5.22,0.193,37.66,56742.9,36883,7.36,0,8.35,-194.9,28.091,0.157,34.20312,-77.80122,0.4,5.11,12.1,765.3
7/16/2022,14:07:46,0.0,<None>,60092.4,0.180,56380.9,82.3,82.0,5.22,0.192,37.66,56743.3,36883,7.43,0,8.35,-194.9,28.090,0.158,34.20311,-77.80125,0.3,5.11,12.1,765.3
7/16/2022,14:07:47,0.0,<None>,60092.2,0.179,56381.1,82.3,81.9,5.22,0.191,37.66,56743.4,36883,7.47,0,8.35,-194.9,28.090,0.164,34.20309,-77.80128,0.2,5.11,12.1,765.4
7/16/2022,14:07:48,0.0,<None>,60093.2,0.179,56380.8,82.3,81.9,5.22,0.191,37.66,56743.3,36883,7.45,0,8.35,-194.9,28.091,0.179,34.20307,-77.80131,0.2,5.11,12.1,765.4
7/16/2022,14:07:49,0.0,<None>,60094.9,0.179,56380.7,82.3,81.9,5.22,0.190,37.66,56743.4,36883,7.47,0,8.35,-194.9,28.092,0.172,34.20305,-77.80134,0.0,5.11,12.1,765.4
7/16/2022,14:07:50,0.0,<None>,60096.1,0.178,56379.6,82.3,82.0,5.22,0.189,37.66,56742.5,36883,7.55,0,8.35,-194.9,28.095,0.163,34.20303,-77.80136,-0.2,5.11,12.1,765.4
7/16/2022,14:07:51,0.0,<None>,60096.8,0.177,56378.2,82.4,82.0,5.22,0.188,37.66,56741.3,36882,7.66,0,8.35,-194.9,28.096,0.145,34.20301,-77.80139,-0.2,5.11,12.1,765.4
7/16/2022,14:07:52,0.0,<None>,60096.8,0.176,56376.4,82.4,82.0,5.22,0.187,37.66,56739.7,36881,7.87,0,8.35,-194.9,28.098,0.139,34.20298,-77.80142,-0.1,5.11,12.1,765.3
7/16/2022,14:07:53,0.0,<None>,60090.5,0.175,56369.7,82.4,82.0,5.22,0.184,37.65,56733.1,36876,8.89,0,8.35,-194.9,28.098,0.111,34.20296,-77.80145,-0.1,5.11,12.1,765.4
7/16/2022,14:07:54,0.0,<None>,60076.1,0.173,56357.3,82.4,82.0,5.22,0.181,37.64,56720.5,36868,10.84,0,8.35,-194.9,28.097,0.106,34.20294,-77.80148,-0.1,5.11,12.1,765.3
7/16/2022,14:07:55,0.0,<None>,60063.8,0.170,56347.5,82.3,82.0,5.22,0.178,37.64,56710.4,36862,13.68,0,8.35,-194.9,28.096,0.102,34.20291,-77.80151,0.2,5.11,12.1,765.4
7/16/2022,14:07:56,0.0,<None>,60041.6,0.168,56330.5,82.3,81.9,5.22,0.174,37.62,56692.9,36850,71.95,0,8.35,-194.9,28.092,0.091,34.20288,-77.80153,0.2,5.11,12.1,765.4
7/16/2022,14:07:57,0.0,<None>,60020.4,0.165,56313.1,82.3,81.9,5.22,0.171,37.61,56675.1,36839,46.92,0,8.35,-194.9,28.090,0.083,34.20286,-77.80156,0.2,5.11,12.1,765.3
7/16/2022,14:07:58,0.0,<None>,59987.3,0.162,56284.3,82.3,81.9,5.22,0.166,37.59,56645.8,36820,46.02,0,8.35,-194.9,28.088,0.083,34.20284,-77.80159,0.0,5.11,12.1,765.4
7/16/2022,14:07:59,0.0,<None>,59950.6,0.159,56250.6,82.3,82.0,5.22,0.162,37.56,56611.8,36798,162.22,0,8.35,-194.9,28.088,0.078,34.20281,-77.80162,-0.1,5.11,12.1,765.3
7/16/2022,14:08:00,0.0,<None>,59936.0,0.157,56236.6,82.4,82.0,5.22,0.158,37.55,56597.8,36789,20.02,0,8.35,-194.9,28.088,0.099,34.20278,-77.80165,-0.1,5.11,12.1,765.4
7/16/2022,14:08:01,0.0,<None>,59936.0,0.154,56236.9,82.4,82.0,5.23,0.154,37.55,56598.1,36789,14.61,0,8.35,-194.9,28.088,0.096,34.20275,-77.80168,-0.6,5.11,12.1,765.3
7/16/2022,14:08:02,0.0,<None>,59938.0,0.151,56239.8,82.5,82.1,5.23,0.149,37.55,56600.9,36791,23.65,0,8.35,-194.9,28.087,0.107,34.20273,-77.80171,-0.9,5.11,12.1,765.3
7/16/2022,14:08:03,0.0,<None>,59939.5,0.148,56242.6,82.5,82.2,5.23,0.146,37.56,56603.5,36792,13.81,0,8.35,-194.9,28.085,0.112,34.20270,-77.80174,-0.9,5.11,12.1,765.3
7/16/2022,14:08:04,0.0,<None>,59944.6,0.146,56250.7,82.6,82.2,5.24,0.143,37.56,56611.4,36797,11.58,0,8.35,-194.9,28.083,0.116,34.20267,-77.80177,-1.1,5.11,12.1,765.4
7/16/2022,14:08:05,0.0,<None>,59951.7,0.144,56261.3,82.7,82.3,5.24,0.140,37.57,56621.6,36804,10.27,0,8.36,-195.0,28.079,0.114,34.20264,-77.80180,-1.3,5.11,12.1,765.3
7/16/2022,14:08:06,0.0,<None>,59958.6,0.143,56268.8,82.7,82.4,5.25,0.138,37.58,56629.0,36809,9.77,0,8.36,-195.0,28.078,0.116,34.20262,-77.80183,-1.3,5.11,12.1,765.4
7/16/2022,14:08:07,0.0,<None>,59976.9,0.141,56285.8,82.8,82.4,5.25,0.135,37.59,56646.2,36820,9.27,0,8.36,-195.0,28.079,0.111,34.20259,-77.80186,-1.3,5.11,12.1,765.4
7/16/2022,14:08:08,0.0,<None>,60003.5,0.139,56309.1,82.9,82.5,5.26,0.132,37.61,56669.7,36835,8.96,0,8.36,-195.0,28.080,0.117,34.20256,-77.80190,-1.4,5.11,12.1,765.4
7/16/2022,14:08:09,0.0,<None>,60021.6,0.137,56324.3,83.0,82.6,5.26,0.130,37.62,56685.3,36845,8.67,0,8.36,-195.1,28.082,0.115,34.20253,-77.80193,-1.4,5.11,12.1,765.4
7/16/2022,14:08:10,0.0,<None>,60052.4,0.136,56351.3,83.1,82.7,5.27,0.127,37.64,56712.6,36863,8.49,0,8.36,-195.1,28.083,0.106,34.20250,-77.80196,-1.7,5.11,12.1,765.4
7/16/2022,14:08:11,0.0,<None>,60096.5,0.134,56390.2,83.1,82.8,5.27,0.125,37.67,56752.0,36889,8.31,0,8.36,-195.1,28.086,0.116,34.20247,-77.80199,-1.8,5.11,12.1,765.5
7/16/2022,14:08:12,0.0,<None>,60125.0,0.132,56415.6,83.2,82.8,5.27,0.123,37.69,56777.7,36906,8.21,0,8.36,-195.2,28.087,0.116,34.20244,-77.80202,-1.8,5.11,12.1,765.4
7/16/2022,14:08:13,0.0,<None>,60156.0,0.131,56443.0,83.3,82.9,5.28,0.120,37.71,56805.5,36924,8.10,0,8.36,-195.2,28.088,0.105,34.20241,-77.80206,-2.1,5.11,12.1,765.4
7/16/2022,14:08:14,0.0,<None>,60162.9,0.129,56447.2,83.3,83.0,5.28,0.118,37.71,56810.0,36927,8.03,0,8.36,-195.2,28.090,0.105,34.20238,-77.80209,-2.2,5.11,12.1,765.3
7/16/2022,14:08:15,0.0,<None>,60164.8,0.127,56447.3,83.4,83.0,5.28,0.115,37.71,56810.2,36927,7.94,0,8.36,-195.3,28.092,0.101,34.20235,-77.80212,-2.2,5.11,12.1,765.4
7/16/2022,14:08:16,0.0,<None>,60167.7,0.125,56448.0,83.4,83.0,5.28,0.112,37.71,56811.3,36927,7.30,0,8.36,-195.3,28.093,0.096,34.20232,-77.80215,-2.7,5.11,12.1,765.4
7/16/2022,14:08:17,0.0,<None>,60167.3,0.123,56445.8,83.4,83.1,5.29,0.110,37.71,56809.2,36926,7.15,0,8.36,-195.4,28.095,0.095,34.20230,-77.80219,-2.9,5.11,12.1,765.4
7/16/2022,14:08:18,0.0,<None>,60165.2,0.122,56443.6,83.5,83.1,5.29,0.107,37.71,56807.0,36925,7.11,0,8.36,-195.4,28.095,0.100,34.20227,-77.80222,-2.9,5.11,12.1,765.5
7/16/2022,14:08:19,0.0,<None>,60161.0,0.120,56441.1,83.5,83.1,5.29,0.105,37.71,56804.4,36923,7.05,0,8.37,-195.4,28.094,0.120,34.20224,-77.80225,-3.2,5.11,12.1,765.4
7/16/2022,14:08:20,0.0,<None>,60158.7,0.119,56442.9,83.5,83.1,5.29,0.103,37.71,56805.7,36924,7.02,0,8.37,-195.5,28.090,0.122,34.20221,-77.80228,-3.2,5.11,12.1,765.3
7/16/2022,14:08:21,0.0,<None>,60156.6,0.117,56443.4,83.5,83.1,5.29,0.101,37.71,56806.0,36924,7.02,0,8.37,-195.5,28.088,0.107,34.20218,-77.80231,-3.2,5.11,12.1,765.3
7/16/2022,14:08:22,0.0,<None>,60154.8,0.116,56444.9,83.5,83.1,5.29,0.099,37.71,56807.1,36925,7.03,0,8.37,-195.6,28.085,0.114,34.20216,-77.80233,-3.3,5.11,12.1,765.4
7/16/2022,14:08:23,0.0,<None>,60154.5,0.115,56450.8,83.4,83.0,5.29,0.097,37.71,56812.4,36928,7.04,0,8.37,-195.6,28.080,0.113,34.20213,-77.80236,-3.7,5.11,12.1,765.3
7/16/2022,14:08:24,0.0,<None>,60153.8,0.113,56453.9,83.4,83.0,5.29,0.095,37.71,56815.1,36930,7.08,0,8.37,-195.6,28.077,0.103,34.20210,-77.80239,-3.7,5.11,12.1,765.4
7/16/2022,14:08:25,0.0,<None>,60150.7,0.111,56454.6,83.4,83.0,5.28,0.092,37.72,56815.4,36930,7.07,0,8.37,-195.6,28.073,0.094,34.20207,-77.80243,-4.1,5.11,12.1,765.4
7/16/2022,14:08:26,0.0,<None>,60147.9,0.110,56454.4,83.3,82.9,5.28,0.090,37.71,56815.0,36930,7.08,0,8.37,-195.7,28.071,0.100,34.20205,-77.80246,-4.4,5.11,12.1,765.4
7/16/2022,14:08:27,0.0,<None>,60145.9,0.108,56454.0,83.3,82.9,5.28,0.087,37.71,56814.4,36929,7.15,0,8.37,-195.7,28.070,0.107,34.20201,-77.80249,-4.4,5.11,12.1,765.4
7/16/2022,14:08:28,0.0,<None>,60144.8,0.106,56454.4,83.3,82.9,5.28,0.084,37.71,56814.6,36930,7.18,0,8.37,-195.7,28.069,0.095,34.20199,-77.80252,-5.6,5.11,12.1,765.3
7/16/2022,14:08:29,0.0,<None>,60142.6,0.105,56452.4,83.3,82.9,5.28,0.083,37.71,56812.6,36928,7.20,0,8.37,-195.7,28.069,0.092,34.20196,-77.80255,-5.5,5.11,12.1,765.4
7/16/2022,14:08:30,0.0,<None>,60142.4,0.104,56452.5,83.2,82.9,5.28,0.081,37.71,56812.7,36928,7.28,0,8.37,-195.7,28.068,0.083,34.20193,-77.80258,-5.5,5.11,12.1,765.4
7/16/2022,14:08:31,0.0,<None>,60143.8,0.103,56455.7,83.2,82.9,5.28,0.079,37.72,56815.7,36930,7.42,0,8.37,-195.7,28.067,0.083,34.20190,-77.80261,-5.7,5.11,12.1,765.4
7/16/2022,14:08:32,0.0,<None>,60148.4,0.103,56459.3,83.2,82.9,5.28,0.079,37.72,56819.4,36933,7.49,0,8.37,-195.8,28.067,0.098,34.20187,-77.80264,-6.1,5.11,12.1,765.4
7/16/2022,14:08:33,0.0,<None>,60148.7,0.103,56459.5,83.2,82.9,5.28,0.080,37.72,56819.6,36933,7.75,0,8.37,-195.8,28.068,0.105,34.20184,-77.80267,-6.1,5.11,12.1,765.2
7/16/2022,14:08:34,0.0,<None>,60153.2,0.103,56463.3,83.3,82.9,5.28,0.080,37.72,56823.5,36935,7.75,0,8.37,-195.8,28.068,0.105,34.20181,-77.80270,-6.0,5.11,12.1,765.4
7/16/2022,14:08:35,0.0,<None>,60157.4,0.104,56467.9,83.3,82.9,5.28,0.082,37.72,56828.0,36938,7.74,0,8.37,-195.8,28.067,0.114,34.20177,-77.80272,-6.2,5.11,12.1,765.4
7/16/2022,14:08:36,0.0,<None>,60162.9,0.105,56473.2,83.3,83.0,5.28,0.083,37.73,56833.4,36942,7.72,0,8.38,-195.9,28.067,0.116,34.20174,-77.80274,-6.2,5.11,12.1,765.4
7/16/2022,14:08:37,0.0,<None>,60168.3,0.107,56478.1,83.4,83.0,5.28,0.085,37.73,56838.3,36945,7.67,0,8.38,-195.9,28.067,0.129,34.20171,-77.80277,-6.6,5.11,12.1,765.3
7/16/2022,14:08:38,0.0,<None>,60180.9,0.107,56492.5,83.4,83.0,5.29,0.087,37.74,56852.5,36954,7.60,0,8.38,-195.9,28.065,0.138,34.20168,-77.80280,-6.8,5.11,12.1,765.3
7/16/2022,14:08:39,0.0,<None>,60188.6,0.108,56502.4,83.5,83.1,5.29,0.088,37.75,56862.2,36960,7.57,0,8.38,-196.0,28.063,0.130,34.20164,-77.80283,-6.8,5.11,12.1,765.4
7/16/2022,14:08:40,0.0,<None>,60198.0,0.109,56514.8,83.5,83.2,5.29,0.089,37.76,56874.3,36968,7.56,0,8.38,-196.0,28.059,0.137,34.20161,-77.80285,-6.8,5.11,12.1,765.3
7/16/2022,14:08:41,0.0,<None>,60204.2,0.109,56522.5,83.6,83.2,5.30,0.089,37.77,56881.9,36973,7.49,0,8.38,-196.1,28.058,0.120,34.20158,-77.80288,-7.0,5.11,12.1,765.4
7/16/2022,14:08:42,0.0,<None>,60208.3,0.109,56529.9,83.6,83.2,5.30,0.089,37.77,56888.9,36978,7.47,0,8.38,-196.1,28.054,0.118,34.20155,-77.80291,-7.0,5.11,12.1,765.4
7/16/2022,14:08:43,0.0,<None>,60212.0,0.109,56537.7,83.7,83.3,5.30,0.089,37.78,56896.3,36983,7.40,0,8.38,-196.1,28.051,0.121,34.20152,-77.80294,-7.2,5.11,12.1,765.5
7/16/2022,14:08:44,0.0,<None>,60215.0,0.109,56541.5,83.7,83.3,5.30,0.089,37.78,56900.0,36985,7.36,0,8.38,-196.1,28.050,0.123,34.20149,-77.80297,-7.3,5.11,12.1,765.4
7/16/2022,14:08:45,0.0,<None>,60215.9,0.110,56543.4,83.7,83.3,5.30,0.090,37.78,56901.8,36986,7.21,0,8.38,-196.1,28.049,0.119,34.20146,-77.80300,-7.3,5.11,12.1,765.4
7/16/2022,14:08:46,0.0,<None>,60217.4,0.110,56545.3,83.7,83.3,5.30,0.090,37.78,56903.7,36987,7.10,0,8.38,-196.1,28.049,0.115,34.20143,-77.80303,-7.6,5.11,12.1,765.4
7/16/2022,14:08:47,0.0,<None>,60218.2,0.109,56547.2,83.7,83.3,5.30,0.089,37.78,56905.4,36989,6.89,0,8.38,-196.2,28.048,0.109,34.20139,-77.80305,-7.8,5.11,12.1,765.4
7/16/2022,14:08:48,0.0,<None>,60218.9,0.109,56549.3,83.7,83.3,5.31,0.089,37.79,56907.4,36990,6.80,0,8.38,-196.2,28.047,0.107,34.20136,-77.80309,-7.8,5.11,12.1,765.4
7/16/2022,14:08:49,0.0,<None>,60219.8,0.109,56550.3,83.7,83.3,5.31,0.089,37.79,56908.4,36990,6.79,0,8.38,-196.3,28.047,0.108,34.20133,-77.80312,-7.9,5.11,12.1,765.4
7/16/2022,14:08:50,0.0,<None>,60221.6,0.108,56551.4,83.7,83.4,5.31,0.088,37.79,56909.6,36991,6.79,0,8.38,-196.3,28.047,0.099,34.20130,-77.80314,-8.1,5.11,12.1,765.3
7/16/2022,14:08:51,0.0,<None>,60221.1,0.108,56549.7,83.8,83.4,5.31,0.088,37.79,56908.0,36990,6.80,0,8.39,-196.3,28.048,0.104,34.20126,-77.80317,-8.1,5.11,12.1,765.4
7/16/2022,14:08:52,0.0,<None>,60220.3,0.109,56547.9,83.8,83.4,5.31,0.088,37.78,56906.3,36989,6.81,0,8.39,-196.4,28.049,0.111,34.20123,-77.80319,-8.4,5.11,12.1,765.4
7/16/2022,14:08:53,0.0,<None>,60218.1,0.109,56544.8,83.8,83.4,5.31,0.089,37.78,56903.3,36987,6.80,0,8.39,-196.4,28.050,0.122,34.20120,-77.80322,-8.5,5.11,12.1,765.4
7/16/2022,14:08:54,0.0,<None>,60219.3,0.109,56546.5,83.8,83.4,5.31,0.089,37.78,56904.9,36988,6.80,0,8.39,-196.4,28.049,0.106,34.20116,-77.80325,-8.5,5.11,12.1,765.4
7/16/2022,14:08:55,0.0,<None>,60221.7,0.110,56549.6,83.8,83.5,5.31,0.090,37.79,56908.0,36990,6.81,0,8.39,-196.5,28.049,0.103,34.20113,-77.80327,-8.7,5.11,12.1,765.4
7/16/2022,14:08:56,0.0,<None>,60225.6,0.110,56553.4,83.9,83.5,5.32,0.090,37.79,56911.8,36993,6.76,0,8.39,-196.5,28.049,0.099,34.20110,-77.80330,-8.8,5.11,12.1,765.4
7/16/2022,14:08:57,0.0,<None>,60231.3,0.109,56558.8,83.9,83.6,5.32,0.089,37.79,56917.2,36996,6.73,0,8.39,-196.5,28.048,0.099,34.20106,-77.80332,-8.8,5.11,12.1,765.4
7/16/2022,14:08:58,0.0,<None>,60240.1,0.109,56567.8,84.0,83.6,5.32,0.089,37.80,56926.2,37002,6.71,0,8.39,-196.6,28.048,0.103,34.20103,-77.80334,-8.9,5.11,12.1,765.4
7/16/2022,14:08:59,0.0,<None>,60248.1,0.109,56576.1,84.1,83.7,5.33,0.088,37.81,56934.5,37007,6.71,0,8.39,-196.6,28.047,0.105,34.20099,-77.80338,-9.0,5.11,12.1,765.3
7/16/2022,14:09:00,0.0,<None>,60255.0,0.108,56582.8,84.1,83.7,5.33,0.088,37.81,56941.1,37012,6.70,0,8.39,-196.6,28.047,0.107,34.20096,-77.80340,-9.0,5.11,12.1,765.4
7/16/2022,14:09:01,0.0,<None>,60258.6,0.108,56586.7,84.2,83.8,5.33,0.088,37.81,56945.1,37014,6.69,0,8.39,-196.6,28.046,0.099,34.20092,-77.80342,-8.9,5.11,12.1,765.4
7/16/2022,14:09:02,0.0,<None>,60260.7,0.108,56588.9,84.2,83.8,5.34,0.088,37.81,56947.2,37016,6.67,0,8.39,-196.6,28.046,0.104,34.20089,-77.80345,-9.0,5.11,12.1,765.3
7/16/2022,14:09:03,0.0,<None>,60257.9,0.109,56587.7,84.3,83.9,5.34,0.088,37.81,56945.8,37015,6.67,0,8.39,-196.7,28.045,0.115,34.20086,-77.80347,-9.0,5.11,12.1,765.3
7/16/2022,14:09:04,0.0,<None>,60253.5,0.109,56584.9,84.3,83.9,5.34,0.089,37.81,56942.9,37013,6.67,0,8.39,-196.7,28.044,0.125,34.20082,-77.80350,-9.4,5.11,12.1,765.4
7/16/2022,14:09:05,0.0,<None>,60249.6,0.110,56581.9,84.3,83.9,5.34,0.090,37.81,56939.8,37011,6.65,0,8.39,-196.7,28.043,0.131,34.20079,-77.80353,-9.2,5.11,12.1,765.4
7/16/2022,14:09:06,0.0,<None>,60244.9,0.111,56577.8,84.3,83.9,5.34,0.091,37.81,56935.6,37008,6.65,0,8.39,-196.7,28.043,0.121,34.20076,-77.80356,-9.2,5.11,12.1,765.4
7/16/2022,14:09:07,0.0,<None>,60239.7,0.111,56572.3,84.3,83.9,5.34,0.092,37.80,56930.2,37005,6.65,0,8.39,-196.8,28.044,0.114,34.20072,-77.80358,-9.3,5.11,12.1,765.4
7/16/2022,14:09:08,0.0,<None>,60234.9,0.112,56565.8,84.3,83.9,5.34,0.093,37.80,56923.8,37001,6.65,0,8.39,-196.8,28.045,0.119,34.20069,-77.80361,-9.1,5.11,12.1,765.5
7/16/2022,14:09:09,0.0,<None>,60229.5,0.113,56558.5,84.3,83.9,5.34,0.094,37.79,56916.7,36996,6.65,0,8.39,-196.7,28.048,0.105,34.20066,-77.80364,-9.1,5.11,12.1,765.4
7/16/2022,14:09:10,0.0,<None>,60222.1,0.113,56549.5,84.3,83.9,5.34,0.094,37.79,56907.9,36990,6.65,0,8.39,-196.7,28.049,0.105,34.20062,-77.80367,-9.1,5.11,12.1,765.4
7/16/2022,14:09:11,0.0,<None>,60211.6,0.112,56538.2,84.3,83.9,5.34,0.093,37.78,56896.7,36983,6.67,0,8.39,-196.7,28.050,0.084,34.20059,-77.80369,-9.1,5.11,12.1,765.3
7/16/2022,14:09:12,0.0,<None>,60200.2,0.112,56526.8,84.3,83.9,5.34,0.093,37.77,56885.3,36975,6.69,0,8.39,-196.7,28.051,0.088,34.20055,-77.80372,-9.1,5.11,12.1,765.3
7/16/2022,14:09:13,0.0,<None>,60188.1,0.111,56514.9,84.3,83.9,5.34,0.092,37.76,56873.4,36968,6.73,0,8.39,-196.7,28.051,0.104,34.20052,-77.80374,-8.9,5.11,12.1,765.3
7/16/2022,14:09:14,0.0,<None>,60179.3,0.111,56505.5,84.2,83.8,5.34,0.092,37.75,56864.0,36962,6.74,0,8.39,-196.7,28.053,0.103,34.20048,-77.80376,-8.8,5.11,12.1,765.3
7/16/2022,14:09:15,0.0,<None>,60171.3,0.110,56495.9,84.2,83.8,5.34,0.090,37.75,56854.6,36956,6.75,0,8.39,-196.6,28.054,0.091,34.20045,-77.80379,-8.8,5.11,12.1,765.4
7/16/2022,14:09:16,0.0,<None>,60167.8,0.109,56491.1,84.2,83.8,5.34,0.088,37.74,56850.0,36952,6.75,0,8.39,-196.6,28.056,0.095,34.20041,-77.80382,-8.8,5.11,12.1,765.3
7/16/2022,14:09:17,0.0,<None>,60164.4,0.108,56485.7,84.2,83.8,5.34,0.087,37.74,56844.8,36949,6.74,0,8.39,-196.6,28.057,0.105,34.20037,-77.80384,-8.9,5.11,12.1,765.4
7/16/2022,14:09:18,0.0,<None>,60162.2,0.107,56481.9,84.2,83.8,5.34,0.086,37.73,56841.1,36947,6.77,0,8.39,-196.6,28.059,0.100,34.20034,-77.80386,-8.9,5.11,12.1,765.3
7/16/2022,14:09:19,0.0,<None>,60161.7,0.106,56479.6,84.2,83.8,5.34,0.085,37.73,56838.9,36945,6.77,0,8.39,-196.5,28.061,0.083,34.20030,-77.80389,-8.8,5.11,12.1,765.4
7/16/2022,14:09:20,0.0,<None>,60159.7,0.105,56476.3,84.2,83.8,5.34,0.083,37.73,56835.8,36943,6.79,0,8.39,-196.5,28.062,0.093,34.20027,-77.80392,-8.8,5.11,12.1,765.4
7/16/2022,14:09:21,0.0,<None>,60159.0,0.105,56474.1,84.2,83.8,5.34,0.083,37.73,56833.8,36942,6.78,0,8.39,-196.5,28.063,0.097,34.20023,-77.80394,-8.8,5.11,12.1,765.4
7/16/2022,14:09:22,0.0,<None>,60157.7,0.104,56471.9,84.2,83.8,5.34,0.082,37.73,56831.7,36941,6.77,0,8.39,-196.4,28.064,0.091,34.20020,-77.80396,-9.0,5.11,12.1,765.4
7/16/2022,14:09:23,0.0,<None>,60154.6,0.103,56468.0,84.2,83.9,5.34,0.080,37.72,56827.9,36938,6.82,0,8.39,-196.4,28.065,0.081,34.20016,-77.80399,-8.9,5.11,12.1,765.4
7/16/2022,14:09:24,0.0,<None>,60151.2,0.102,56465.5,84.2,83.9,5.34,0.079,37.72,56825.3,36936,6.87,0,8.39,-196.4,28.064,0.076,34.20012,-77.80402,-8.9,5.11,12.1,765.3
7/16/2022,14:09:25,0.0,<None>,60151.2,0.102,56466.1,84.2,83.9,5.34,0.078,37.72,56825.8,36937,6.94,0,8.39,-196.3,28.064,0.082,34.20008,-77.80404,-9.1,5.11,12.1,765.4
7/16/2022,14:09:26,0.0,<None>,60154.4,0.101,56469.9,84.2,83.9,5.34,0.076,37.73,56829.6,36939,6.99,0,8.38,-196.3,28.063,0.076,34.20005,-77.80406,-9.2,5.11,12.1,765.4
7/16/2022,14:09:27,0.0,<None>,60153.6,0.100,56470.6,84.2,83.8,5.34,0.075,37.73,56830.1,36940,6.99,0,8.38,-196.3,28.062,0.067,34.20001,-77.80408,-9.2,5.11,12.1,765.4
7/16/2022,14:09:28,0.0,<None>,60156.7,0.099,56475.5,84.2,83.8,5.34,0.075,37.73,56834.8,36943,7.08,0,8.38,-196.2,28.060,0.072,34.19997,-77.80411,-9.4,5.11,12.1,765.3
7/16/2022,14:09:29,0.0,<None>,60155.0,0.098,56476.0,84.2,83.8,5.34,0.073,37.73,56835.1,36943,7.21,0,8.38,-196.2,28.058,0.073,34.19993,-77.80412,-9.3,5.11,12.1,765.4
7/16/2022,14:09:30,0.0,<None>,60156.7,0.098,56479.6,84.2,83.8,5.34,0.072,37.73,56838.4,36945,7.24,0,8.38,-196.2,28.057,0.077,34.19989,-77.80415,-9.3,5.11,12.1,765.4
7/16/2022,14:09:31,0.0,<None>,60158.7,0.097,56482.5,84.2,83.8,5.33,0.071,37.74,56841.3,36947,7.29,0,8.38,-196.2,28.055,0.085,34.19986,-77.80416,-9.1,5.11,12.1,765.4
7/16/2022,14:09:32,0.0,<None>,60163.1,0.097,56489.4,84.1,83.8,5.33,0.071,37.74,56848.0,36951,7.29,0,8.38,-196.3,28.053,0.100,34.19981,-77.80418,-9.2,5.11,12.1,765.4
7/16/2022,14:09:33,0.0,<None>,60170.0,0.097,56498.8,84.1,83.8,5.33,0.071,37.75,56857.1,36957,7.28,0,8.38,-196.3,28.050,0.109,34.19978,-77.80421,-9.2,5.11,12.1,765.4
7/16/2022,14:09:34,0.0,<None>,60176.0,0.097,56508.7,84.1,83.7,5.33,0.071,37.75,56866.6,36963,7.25,0,8.39,-196.3,28.047,0.102,34.19973,-77.80422,-8.9,5.11,12.1,765.4
7/16/2022,14:09:35,0.0,<None>,60183.3,0.098,56520.0,84.1,83.7,5.33,0.072,37.76,56877.5,36970,7.25,0,8.39,-196.3,28.043,0.115,34.19970,-77.80424,-9.0,5.11,12.1,765.4
7/16/2022,14:09:36,0.0,<None>,60196.7,0.098,56537.3,84.1,83.7,5.33,0.072,37.78,56894.4,36981,7.29,0,8.39,-196.4,28.039,0.110,34.19966,-77.80427,-9.0,5.11,12.1,765.4
7/16/2022,14:09:37,0.0,<None>,60208.0,0.097,56551.3,84.1,83.7,5.33,0.072,37.79,56908.1,36990,7.46,0,8.39,-196.4,28.036,0.087,34.19962,-77.80429,-9.1,5.11,12.1,765.4
7/16/2022,14:09:38,0.0,<None>,60214.2,0.096,56560.7,84.1,83.7,5.33,0.070,37.79,56917.2,36996,8.27,0,8.39,-196.5,28.033,0.070,34.19959,-77.80432,-9.5,5.11,12.1,765.3
7/16/2022,14:09:39,0.0,<None>,60210.3,0.096,56559.2,84.2,83.8,5.34,0.069,37.79,56915.4,36995,9.74,0,8.39,-196.5,28.031,0.075,34.19955,-77.80434,-9.5,5.11,12.1,765.4
7/16/2022,14:09:40,0.0,<None>,60214.9,0.095,56564.3,84.2,83.8,5.34,0.068,37.80,56920.5,36998,10.34,0,8.39,-196.5,28.030,0.072,34.19951,-77.80436,-9.5,5.11,12.1,765.4
7/16/2022,14:09:41,0.0,<None>,60220.7,0.094,56571.2,84.3,83.9,5.34,0.067,37.80,56927.3,37003,10.63,0,8.39,-196.5,28.029,0.096,34.19947,-77.80438,-9.4,5.11,12.1,765.4
7/16/2022,14:09:42,0.0,<None>,60232.4,0.094,56580.1,84.4,84.0,5.35,0.066,37.81,56936.5,37009,10.69,0,8.39,-196.6,28.032,0.100,34.19944,-77.80440,-9.4,5.11,12.1,765.3
7/16/2022,14:09:43,0.0,<None>,60251.5,0.093,56587.3,84.5,84.1,5.36,0.066,37.81,56944.8,37014,11.04,0,8.39,-196.6,28.040,0.124,34.19939,-77.80441,-9.2,5.11,12.1,765.4
7/16/2022,14:09:44,0.0,<None>,60275.9,0.093,56597.7,84.7,84.3,5.37,0.065,37.82,56956.7,37022,11.02,0,8.39,-196.6,28.053,0.111,34.19935,-77.80443,-9.0,5.11,12.1,765.4
7/16/2022,14:09:45,0.0,<None>,60303.4,0.093,56604.0,84.9,84.5,5.38,0.065,37.83,56965.1,37027,11.03,0,8.39,-196.7,28.068,0.106,34.19931,-77.80444,-9.0,5.11,12.1,765.3
7/16/2022,14:09:46,0.0,<None>,60326.6,0.093,56608.0,85.1,84.8,5.39,0.065,37.83,56971.1,37031,11.03,0,8.39,-196.7,28.086,0.115,34.19927,-77.80445,-8.5,5.11,12.1,765.3
7/16/2022,14:09:47,0.0,<None>,60351.9,0.093,56613.5,85.4,85.1,5.41,0.065,37.84,56978.6,37036,11.06,0,8.39,-196.7,28.100,0.106,34.19923,-77.80447,-8.5,5.11,12.1,765.4
7/16/2022,14:09:48,0.0,<None>,60369.8,0.092,56614.2,85.7,85.3,5.43,0.065,37.84,56981.0,37038,11.12,0,8.39,-196.7,28.115,0.099,34.19918,-77.80449,-8.5,5.11,12.1,765.4
7/16/2022,14:09:49,0.0,<None>,60377.8,0.092,56611.6,86.0,85.6,5.44,0.064,37.84,56979.5,37037,11.29,0,8.39,-196.7,28.123,0.086,34.19915,-77.80450,-8.4,5.11,12.1,765.4
7/16/2022,14:09:50,0.0,<None>,60387.3,0.093,56611.3,86.2,85.8,5.45,0.065,37.84,56980.2,37037,11.31,0,8.39,-196.7,28.132,0.103,34.19910,-77.80452,-8.3,5.11,12.1,765.4